epoch,accuracy,loss,top_k_categorical_accuracy,val_accuracy,val_loss,val_top_k_categorical_accuracy
0,0.26109725,2.2354224696748526,0.7373933,0.2662222,2.2384599381022983,0.70244443
1,0.26322275,2.197491977497055,0.7437082,0.24222222,2.2400889264212713,0.74333334
