epoch,auc,categorical_accuracy,loss,val_auc,val_categorical_accuracy,val_loss
0,0.79313797,0.21265653,0.166876468094389,0.831644,0.18615723,0.15552281599957496
1,0.8307326,0.22253075,0.15274480651374012,0.8391872,0.15835571,0.1505235485965386
2,0.8406683,0.22715244,0.14990303494949817,0.8495492,0.22235107,0.14758636674378067
