epoch,categorical_accuracy,loss,val_categorical_accuracy,val_loss
0,0.53713775,1.7076668303351923,0.64826304,1.7309963502261356
1,0.6477129,1.7051158825509072,0.64826304,1.7104844382668365
2,0.6481226,1.7103364143110127,0.64826304,1.7107052632170727
3,0.6481226,1.724338237667176,0.64826304,1.8217379774295654
4,0.6483461,1.8156619340432238,0.64826304,1.8238223296864782
5,0.648402,1.8156578598439512,0.64826304,1.8245710816313447
6,0.64842063,1.8157079092464974,0.64826304,1.823235489674175
7,0.648402,1.815657736673748,0.64826304,1.8220588696614346
